Date,Open,High,Low,Close,Adj Close,Volume
2016-04-18,4535.209961,4570.580078,4531.109863,4569.310059,4569.310059,1672260000
2016-04-19,4573.580078,4574.379883,4515.97998,4537.089844,4537.089844,1824250000
2016-04-20,4539.200195,4562.339844,4523.899902,4540.439941,4540.439941,1781340000
2016-04-21,4540.709961,4558.669922,4522.850098,4540.799805,4540.799805,1758190000
2016-04-22,4478.450195,4502.390137,4440.140137,4474.189941,4474.189941,2018930000
2016-04-25,4459.669922,4474.77002,4452.870117,4474.129883,4474.129883,1582270000
2016-04-26,4480.600098,4490.060059,4439.379883,4452.970215,4452.970215,1825020000
2016-04-27,4412.819824,4426.279785,4381.169922,4416.629883,4416.629883,1938780000
2016-04-28,4419.120117,4447.200195,4355.299805,4363.990234,4363.990234,2161400000
2016-04-29,4367.589844,4372.970215,4307.100098,4341.299805,4341.299805,2376460000
2016-05-02,4350.830078,4386.97998,4334.589844,4381.299805,4381.299805,1880460000
2016-05-03,4349.080078,4368.759766,4329.759766,4341.390137,4341.390137,1984340000
2016-05-04,4314.5,4328.220215,4301.069824,4312.009766,4312.009766,1950800000
2016-05-05,4326.910156,4333.120117,4299.609863,4309.47998,4309.47998,1888350000
2016-05-06,4290.359863,4330.240234,4282.0,4330.169922,4330.169922,1860800000
2016-05-09,4331.660156,4361.870117,4329.899902,4341.22998,4341.22998,1625100000
2016-05-10,4360.72998,4404.089844,4351.160156,4402.040039,4402.040039,1760120000
2016-05-11,4395.879883,4407.930176,4360.72998,4361.029785,4361.029785,1859110000
2016-05-12,4376.089844,4377.859863,4312.879883,4342.810059,4342.810059,1930450000
2016-05-13,4337.830078,4364.240234,4318.700195,4326.529785,4326.529785,1698030000
2016-05-16,4335.330078,4395.700195,4329.890137,4380.47998,4380.47998,1741510000
2016-05-17,4376.549805,4385.060059,4311.180176,4322.560059,4322.560059,1925230000
2016-05-18,4314.339844,4360.910156,4305.72998,4338.22998,4338.22998,1934100000
2016-05-19,4319.859863,4331.580078,4284.370117,4315.580078,4315.580078,1805890000
2016-05-20,4330.069824,4379.97998,4329.569824,4362.899902,4362.899902,1970520000
2016-05-23,4364.72998,4382.399902,4353.359863,4355.100098,4355.100098,1865110000
2016-05-24,4381.339844,4449.209961,4380.459961,4444.299805,4444.299805,1942280000
2016-05-25,4459.259766,4488.52002,4453.049805,4476.430176,4476.430176,1784420000
2016-05-26,4478.569824,4494.029785,4469.759766,4487.959961,4487.959961,1606250000
2016-05-27,4490.959961,4512.540039,4489.160156,4512.540039,4512.540039,1505020000
2016-05-31,4513.850098,4526.839844,4497.649902,4523.890137,4523.890137,2285350000
2016-06-01,4507.180176,4530.390137,4502.779785,4520.069824,4520.069824,1797090000
2016-06-02,4510.810059,4531.350098,4488.080078,4531.350098,4531.350098,1729050000
2016-06-03,4520.97998,4523.359863,4480.799805,4509.790039,4509.790039,1697840000
2016-06-06,4517.879883,4536.549805,4510.330078,4523.629883,4523.629883,1663840000
2016-06-07,4527.859863,4532.299805,4511.419922,4513.089844,4513.089844,1747760000
2016-06-08,4521.100098,4529.089844,4505.390137,4520.629883,4520.629883,1692640000
2016-06-09,4501.149902,4518.5,4494.759766,4512.689941,4512.689941,1632340000
2016-06-10,4473.080078,4480.47998,4447.330078,4461.049805,4461.049805,1822200000
2016-06-13,4436.120117,4461.27002,4419.72998,4422.759766,4422.759766,1888300000
2016-06-14,4413.709961,4439.72998,4392.430176,4424.910156,4424.910156,1919710000
2016-06-15,4433.680176,4439.609863,4404.580078,4409.509766,4409.509766,1802200000
2016-06-16,4387.899902,4428.27002,4362.160156,4424.22998,4424.22998,1851770000
2016-06-17,4409.75,4409.75,4363.629883,4374.379883,4374.379883,2638220000
2016-06-20,4424.109863,4444.060059,4397.359863,4400.160156,4400.160156,1779560000
2016-06-21,4408.029785,4422.669922,4398.640137,4413.399902,4413.399902,1698080000
2016-06-22,4415.459961,4442.02002,4400.879883,4404.72998,4404.72998,1682220000
2016-06-23,4437.609863,4467.47998,4420.160156,4467.47998,4467.47998,1738570000
2016-06-24,4294.799805,4373.149902,4274.540039,4285.700195,4285.700195,4411040000
2016-06-27,4247.709961,4249.0,4179.740234,4201.049805,4201.049805,2659650000
2016-06-28,4245.319824,4291.430176,4245.290039,4290.470215,4290.470215,2074090000
2016-06-29,4323.330078,4373.959961,4322.359863,4364.740234,4364.740234,2116550000
2016-06-30,4378.75,4417.959961,4359.569824,4417.700195,4417.700195,2171180000
2016-07-01,4411.77002,4453.859863,4411.759766,4437.450195,4437.450195,1745130000
2016-07-05,4414.350098,4418.040039,4386.560059,4410.75,4410.75,1690340000
2016-07-06,4388.430176,4447.22998,4375.720215,4444.700195,4444.700195,1876090000
2016-07-07,4451.149902,4468.310059,4438.799805,4459.580078,4459.580078,1672770000
2016-07-08,4484.919922,4529.720215,4476.5,4528.359863,4528.359863,1947260000
2016-07-11,4544.330078,4569.970215,4544.330078,4554.709961,4554.709961,1718450000
2016-07-12,4579.850098,4588.240234,4570.560059,4577.609863,4577.609863,1866280000
2016-07-13,4589.129883,4589.950195,4565.700195,4565.77002,4565.77002,1650820000
2016-07-14,4597.189941,4604.759766,4585.700195,4596.490234,4596.490234,1641170000
2016-07-15,4602.0,4607.180176,4579.830078,4589.830078,4589.830078,1610300000
2016-07-18,4595.060059,4627.569824,4591.830078,4619.680176,4619.680176,1585570000
2016-07-19,4601.680176,4617.470215,4595.379883,4603.279785,4603.279785,1694740000
2016-07-20,4630.850098,4665.669922,4623.930176,4657.200195,4657.200195,1877330000
2016-07-21,4662.950195,4669.529785,4634.069824,4647.02002,4647.02002,1880310000
2016-07-22,4650.97998,4670.540039,4635.220215,4666.069824,4666.069824,1639000000
2016-07-25,4662.899902,4667.089844,4650.5,4665.930176,4665.930176,1770620000
2016-07-26,4664.100098,4687.899902,4648.919922,4672.109863,4672.109863,2038060000
2016-07-27,4711.109863,4716.069824,4685.109863,4702.879883,4702.879883,2122250000
2016-07-28,4710.22998,4725.779785,4696.080078,4721.410156,4721.410156,1950910000
2016-07-29,4734.700195,4743.25,4715.77002,4730.22998,4730.22998,2072640000
2016-08-01,4734.439941,4767.240234,4728.72998,4756.040039,4756.040039,1866590000
2016-08-02,4748.419922,4752.290039,4689.549805,4719.209961,4719.209961,2142010000
2016-08-03,4716.580078,4734.330078,4712.100098,4734.330078,4734.330078,1909470000
2016-08-04,4731.540039,4749.089844,4719.009766,4743.810059,4743.810059,1930000000
2016-08-05,4769.169922,4799.859863,4763.580078,4791.209961,4791.209961,2017720000
2016-08-08,4791.100098,4794.140137,4770.220215,4784.740234,4784.740234,1624450000
2016-08-09,4787.919922,4811.02002,4786.379883,4795.75,4795.75,1664320000
2016-08-10,4799.830078,4799.879883,4771.97998,4783.390137,4783.390137,1651240000
2016-08-11,4800.589844,4813.359863,4790.649902,4803.310059,4803.310059,1511670000
2016-08-12,4794.350098,4807.529785,4790.490234,4807.080078,4807.080078,1501620000
2016-08-15,4814.77002,4837.669922,4812.450195,4827.120117,4827.120117,1533170000
2016-08-16,4814.209961,4814.959961,4796.919922,4797.189941,4797.189941,1698390000
2016-08-17,4799.029785,4807.049805,4772.430176,4805.450195,4805.450195,1747890000
2016-08-18,4802.330078,4814.540039,4794.290039,4808.680176,4808.680176,1659080000
2016-08-19,4800.200195,4816.0,4786.27002,4806.140137,4806.140137,1632740000
2016-08-22,4797.950195,4817.359863,4791.060059,4808.560059,4808.560059,1560210000
2016-08-23,4828.790039,4836.450195,4816.759766,4818.47998,4818.47998,1547050000
2016-08-24,4812.490234,4821.299805,4770.72998,4783.490234,4783.490234,1714780000
2016-08-25,4773.680176,4792.470215,4768.0,4775.430176,4775.430176,1511890000
2016-08-26,4782.459961,4815.580078,4758.100098,4783.689941,4783.689941,1591060000
2016-08-29,4787.930176,4804.419922,4784.629883,4791.089844,4791.089844,1416640000
2016-08-30,4787.77002,4797.620117,4760.279785,4775.990234,4775.990234,1561020000
2016-08-31,4770.22998,4775.189941,4751.689941,4771.049805,4771.049805,1761770000
2016-09-01,4774.810059,4787.939941,4750.240234,4783.939941,4783.939941,1592520000
2016-09-02,4806.140137,4816.700195,4781.609863,4798.740234,4798.740234,1474200000
2016-09-06,4806.660156,4829.509766,4797.339844,4829.509766,4829.509766,1777940000
2016-09-07,4829.910156,4839.589844,4813.990234,4831.859863,4831.859863,1878460000
2016-09-08,4816.47998,4816.47998,4791.220215,4804.0,4804.0,1839790000
2016-09-09,4763.040039,4773.77002,4681.540039,4681.540039,4681.540039,2208690000
2016-09-12,4656.589844,4772.450195,4656.509766,4764.649902,4764.649902,2007610000
2016-09-13,4740.0,4756.200195,4701.790039,4722.850098,4722.850098,2071460000
2016-09-14,4726.75,4770.390137,4726.75,4746.060059,4746.060059,1902680000
2016-09-15,4749.709961,4826.02002,4748.669922,4819.899902,4819.899902,1950940000
2016-09-16,4811.790039,4821.850098,4794.200195,4818.049805,4818.049805,3013860000
2016-09-19,4833.839844,4843.759766,4787.439941,4796.069824,4796.069824,1792650000
2016-09-20,4813.779785,4824.209961,4797.779785,4805.220215,4805.220215,1697530000
2016-09-21,4826.580078,4858.569824,4797.899902,4853.75,4853.75,2001890000
2016-09-22,4879.279785,4895.5,4876.370117,4891.359863,4891.359863,1914550000
2016-09-23,4881.450195,4882.419922,4853.410156,4858.910156,4858.910156,1762700000
2016-09-26,4830.169922,4837.339844,4812.319824,4817.169922,4817.169922,1672190000
2016-09-27,4813.890137,4868.379883,4811.279785,4866.709961,4866.709961,1754700000
2016-09-28,4871.839844,4877.299805,4850.040039,4875.27002,4875.27002,1788240000
2016-09-29,4868.459961,4875.52002,4819.02002,4838.299805,4838.299805,1946150000
2016-09-30,4856.100098,4889.22998,4846.899902,4875.700195,4875.700195,2063260000
2016-10-03,4864.629883,4872.140137,4848.209961,4866.629883,4866.629883,1606460000
2016-10-04,4880.569824,4891.5,4841.720215,4859.470215,4859.470215,1711810000
2016-10-05,4872.97998,4891.350098,4870.810059,4877.75,4877.75,1755640000
2016-10-06,4871.950195,4883.970215,4851.529785,4873.919922,4873.919922,1655480000
2016-10-07,4883.939941,4884.700195,4840.930176,4864.52002,4864.52002,1647330000
2016-10-10,4887.72998,4904.720215,4885.589844,4893.77002,4893.77002,1365600000
2016-10-11,4890.169922,4890.169922,4804.240234,4821.910156,4821.910156,1822980000
2016-10-12,4824.27002,4836.549805,4806.330078,4819.640137,4819.640137,1567930000
2016-10-13,4785.589844,4816.330078,4760.069824,4803.100098,4803.100098,1737720000
2016-10-14,4828.899902,4845.990234,4806.72998,4808.47998,4808.47998,1593610000
2016-10-17,4808.470215,4814.879883,4790.450195,4796.169922,4796.169922,1427060000
2016-10-18,4849.910156,4860.680176,4837.310059,4839.720215,4839.720215,1476970000
2016-10-19,4833.810059,4845.069824,4830.680176,4836.609863,4836.609863,1548910000
2016-10-20,4831.310059,4842.319824,4805.839844,4832.709961,4832.709961,1745270000
2016-10-21,4836.540039,4853.609863,4822.779785,4851.859863,4851.859863,1651490000
2016-10-24,4884.160156,4911.589844,4880.77002,4909.970215,4909.970215,1533370000
2016-10-25,4908.180176,4911.759766,4885.899902,4891.450195,4891.450195,1580830000
2016-10-26,4863.52002,4886.319824,4846.439941,4860.589844,4860.589844,1732300000
2016-10-27,4883.069824,4885.830078,4831.689941,4836.450195,4836.450195,1926820000
2016-10-28,4820.5,4848.549805,4794.069824,4805.589844,4805.589844,1911810000
2016-10-31,4821.310059,4823.919922,4801.160156,4801.27002,4801.27002,1709060000
2016-11-01,4810.299805,4811.02002,4726.350098,4766.939941,4766.939941,1880920000
2016-11-02,4764.830078,4773.649902,4717.560059,4726.910156,4726.910156,2124990000
2016-11-03,4718.529785,4732.200195,4673.049805,4679.100098,4679.100098,2113730000
2016-11-04,4647.589844,4697.939941,4647.589844,4660.459961,4660.459961,2020130000
2016-11-07,4737.97998,4777.060059,4731.790039,4773.72998,4773.72998,1916620000
2016-11-08,4766.47998,4824.970215,4757.25,4804.919922,4804.919922,1739440000
2016-11-09,4748.910156,4832.950195,4747.350098,4825.180176,4825.180176,2827570000
2016-11-10,4849.709961,4855.790039,4685.740234,4747.029785,4747.029785,2986760000
2016-11-11,4729.140137,4759.830078,4711.959961,4751.950195,4751.950195,2290080000
2016-11-14,4752.609863,4753.27002,4677.410156,4702.040039,4702.040039,2371900000
2016-11-15,4733.569824,4778.649902,4727.97998,4764.470215,4764.470215,2159180000
2016-11-16,4745.029785,4794.569824,4742.950195,4792.27002,4792.27002,2066130000
2016-11-17,4789.790039,4826.75,4781.720215,4826.589844,4826.589844,2084710000
2016-11-18,4832.810059,4840.810059,4804.439941,4808.040039,4808.040039,1865770000
2016-11-21,4822.029785,4862.22998,4819.569824,4859.0,4859.0,1748170000
2016-11-22,4876.919922,4884.629883,4861.080078,4873.839844,4873.839844,1890410000
2016-11-23,4856.720215,4859.669922,4832.589844,4853.859863,4853.859863,1617700000
2016-11-25,4861.470215,4870.899902,4853.040039,4870.02002,4870.02002,768080000
2016-11-28,4861.72998,4878.870117,4852.709961,4857.02002,4857.02002,1630150000
2016-11-29,4859.850098,4896.569824,4848.890137,4873.209961,4873.209961,1791760000
2016-11-30,4876.299805,4880.759766,4810.810059,4810.810059,4810.810059,2056060000
2016-12-01,4806.77002,4810.439941,4723.569824,4734.100098,4734.100098,2269790000
2016-12-02,4734.379883,4759.029785,4721.410156,4739.370117,4739.370117,1851030000
2016-12-05,4762.339844,4795.279785,4743.529785,4778.140137,4778.140137,1800570000
2016-12-06,4786.060059,4796.580078,4769.390137,4788.669922,4788.669922,1977480000
2016-12-07,4778.859863,4854.319824,4765.439941,4851.939941,4851.939941,2125370000
2016-12-08,4849.75,4869.560059,4843.040039,4859.189941,4859.189941,2236580000
2016-12-09,4878.540039,4897.240234,4877.180176,4895.899902,4895.899902,2042340000
2016-12-12,4878.040039,4882.97998,4854.27002,4874.299805,4874.299805,1931840000
2016-12-13,4893.649902,4960.47998,4890.149902,4935.839844,4935.839844,2094860000
2016-12-14,4943.640137,4955.25,4910.759766,4921.220215,4921.220215,1976570000
2016-12-15,4925.649902,4959.899902,4919.810059,4933.410156,4933.410156,2101320000
2016-12-16,4945.040039,4952.140137,4904.379883,4914.859863,4914.859863,3281480000
2016-12-19,4919.160156,4963.0,4911.75,4934.850098,4934.850098,1688680000
2016-12-20,4948.339844,4961.549805,4944.319824,4953.799805,4953.799805,1679630000
2016-12-21,4952.069824,4957.450195,4938.240234,4948.910156,4948.910156,1496850000
2016-12-22,4948.359863,4948.359863,4917.330078,4934.390137,4934.390137,1585470000
2016-12-23,4927.529785,4940.040039,4922.950195,4940.02002,4940.02002,1144900000
2016-12-27,4948.919922,4992.080078,4947.589844,4965.810059,4965.810059,1219050000
2016-12-28,4976.419922,4978.430176,4922.089844,4926.290039,4926.290039,1326660000
2016-12-29,4923.930176,4933.709961,4903.279785,4918.279785,4918.279785,1266350000
2016-12-30,4925.359863,4927.160156,4853.930176,4863.620117,4863.620117,1551690000
2017-01-03,4900.850098,4928.490234,4884.52002,4911.330078,4911.330078,1887670000
2017-01-04,4920.790039,4944.740234,4919.799805,4937.209961,4937.209961,1885490000
2017-01-05,4936.350098,4967.899902,4935.339844,4964.950195,4964.950195,1799170000
2017-01-06,4973.870117,5020.700195,4957.819824,5007.080078,5007.080078,1711870000
2017-01-09,5013.819824,5033.319824,5009.450195,5024.899902,5024.899902,1887740000
2017-01-10,5027.5,5049.830078,5016.189941,5035.169922,5035.169922,1798610000
2017-01-11,5033.879883,5050.209961,5012.649902,5050.209961,5050.209961,1960830000
2017-01-12,5029.279785,5044.370117,4995.069824,5041.430176,5041.430176,1805840000
2017-01-13,5047.560059,5066.950195,5045.919922,5059.509766,5059.509766,1611260000
2017-01-17,5043.069824,5053.200195,5029.609863,5044.649902,5044.649902,1759440000
2017-01-18,5050.259766,5058.200195,5039.180176,5055.850098,5055.850098,1686260000
2017-01-19,5061.100098,5078.410156,5041.209961,5051.169922,5051.169922,1809900000
2017-01-20,5070.149902,5085.339844,5050.02002,5063.200195,5063.200195,1750340000
2017-01-23,5055.970215,5073.240234,5035.490234,5065.700195,5065.700195,1652370000
2017-01-24,5079.609863,5108.220215,5068.370117,5101.060059,5101.060059,1808560000
2017-01-25,5132.870117,5153.180176,5129.0,5151.470215,5151.470215,1964040000
2017-01-26,5164.120117,5168.200195,5148.850098,5156.919922,5156.919922,1837020000
2017-01-27,5169.490234,5172.430176,5150.180176,5168.060059,5168.060059,1669190000
2017-01-30,5146.410156,5146.879883,5098.339844,5129.330078,5129.330078,1782380000
2017-01-31,5107.470215,5116.799805,5086.330078,5116.77002,5116.77002,2047460000
2017-02-01,5157.830078,5162.459961,5128.899902,5152.689941,5152.689941,2239570000
2017-02-02,5141.27002,5162.560059,5128.759766,5147.700195,5147.700195,2077010000
2017-02-03,5153.609863,5165.470215,5147.580078,5161.600098,5161.600098,1792330000
2017-02-06,5154.180176,5167.959961,5148.060059,5167.959961,5167.959961,1736140000
2017-02-07,5178.850098,5196.27002,5174.339844,5185.879883,5185.879883,1922030000
2017-02-08,5176.5,5201.569824,5168.97998,5196.580078,5196.580078,1947100000
2017-02-09,5200.169922,5221.620117,5196.069824,5212.160156,5212.160156,1948120000
2017-02-10,5219.810059,5234.27002,5212.839844,5226.689941,5226.689941,1867270000
2017-02-13,5242.490234,5262.419922,5241.0,5256.819824,5256.819824,1843480000
2017-02-14,5251.359863,5271.100098,5238.689941,5271.069824,5271.069824,1952370000
2017-02-15,5266.120117,5304.339844,5264.439941,5302.390137,5302.390137,2094140000
2017-02-16,5306.379883,5316.790039,5287.540039,5300.640137,5300.640137,1945600000
2017-02-17,5295.490234,5324.720215,5291.700195,5324.720215,5324.720215,1879030000
2017-02-21,5334.569824,5353.160156,5330.470215,5350.72998,5350.72998,1940110000
2017-02-22,5345.180176,5354.72998,5335.799805,5352.129883,5352.129883,1874710000
2017-02-23,5358.029785,5358.529785,5309.990234,5332.370117,5332.370117,1881490000
2017-02-24,5305.22998,5343.310059,5304.009766,5343.310059,5343.310059,1684650000
2017-02-27,5330.560059,5347.879883,5322.140137,5347.549805,5347.549805,1882610000
2017-02-28,5344.180176,5347.470215,5316.700195,5330.310059,5330.310059,2303390000
2017-03-01,5368.649902,5398.430176,5355.379883,5390.990234,5390.990234,2220350000
2017-03-02,5386.339844,5387.72998,5355.529785,5363.259766,5363.259766,2043610000
2017-03-03,5355.209961,5373.47998,5344.47998,5373.47998,5373.47998,1853600000
2017-03-06,5352.609863,5368.27002,5338.609863,5360.310059,5360.310059,1774040000
2017-03-07,5348.200195,5373.259766,5341.430176,5351.279785,5351.279785,1825510000
2017-03-08,5351.350098,5375.77002,5348.72998,5359.810059,5359.810059,1813080000
2017-03-09,5355.779785,5370.660156,5336.080078,5363.97998,5363.97998,1886780000
2017-03-10,5390.459961,5394.660156,5364.100098,5385.899902,5385.899902,1999440000
2017-03-13,5387.72998,5396.390137,5382.02002,5394.569824,5394.569824,1812460000
2017-03-14,5382.790039,5384.879883,5360.700195,5382.169922,5382.169922,1664870000
2017-03-15,5392.47998,5426.839844,5375.879883,5416.25,5416.25,1955400000
2017-03-16,5421.459961,5423.660156,5399.27002,5412.080078,5412.080078,1770640000
2017-03-17,5413.470215,5423.279785,5406.810059,5408.759766,5408.759766,3189970000
2017-03-20,5406.02002,5426.470215,5400.160156,5413.310059,5413.310059,1736790000
2017-03-21,5433.279785,5439.580078,5328.709961,5332.529785,5332.529785,2199920000
2017-03-22,5332.640137,5372.27002,5327.25,5367.549805,5367.549805,1860290000
2017-03-23,5356.709961,5375.430176,5346.299805,5355.140137,5355.140137,1746990000
2017-03-24,5376.740234,5392.279785,5345.939941,5364.0,5364.0,1855040000
2017-03-27,5320.959961,5383.220215,5316.02002,5374.27002,5374.27002,1673060000
2017-03-28,5371.899902,5422.25,5363.290039,5407.209961,5407.209961,1823600000
2017-03-29,5410.140137,5433.359863,5405.100098,5430.27002,5430.27002,1722190000
2017-03-30,5430.310059,5446.509766,5425.299805,5439.740234,5439.740234,1732100000
2017-03-31,5430.990234,5451.5,5427.5,5436.22998,5436.22998,1905150000
2017-04-03,5440.200195,5453.439941,5403.310059,5432.200195,5432.200195,1852990000
2017-04-04,5415.529785,5441.339844,5415.299805,5440.410156,5440.410156,1795260000
2017-04-05,5447.27002,5479.859863,5409.040039,5418.52002,5418.52002,2208600000
2017-04-06,5423.649902,5435.060059,5407.870117,5420.879883,5420.879883,1849790000
2017-04-07,5420.939941,5434.180176,5400.080078,5418.370117,5418.370117,1703730000
2017-04-10,5423.569824,5442.709961,5406.580078,5421.680176,5421.680176,1633190000
2017-04-11,5413.910156,5422.790039,5359.140137,5398.399902,5398.399902,1830760000
2017-04-12,5394.609863,5399.549805,5370.240234,5377.029785,5377.029785,1666570000
2017-04-13,5370.689941,5398.990234,5353.589844,5353.589844,5353.589844,1587150000
2017-04-17,5369.209961,5399.200195,5367.589844,5399.200195,5399.200195,1383550000
2017-04-18,5383.740234,5405.540039,5377.910156,5391.660156,5391.660156,1610230000
2017-04-19,5416.299805,5431.0,5392.279785,5399.640137,5399.640137,1754240000
2017-04-20,5422.470215,5455.879883,5413.319824,5443.529785,5443.529785,1751490000
2017-04-21,5447.279785,5450.810059,5430.220215,5442.049805,5442.049805,1736420000
2017-04-24,5503.27002,5513.569824,5494.459961,5508.029785,5508.029785,1842880000
2017-04-25,5523.47998,5557.930176,5521.52002,5548.189941,5548.189941,1898120000
2017-04-26,5553.600098,5563.970215,5537.990234,5541.089844,5541.089844,1899570000
2017-04-27,5555.27002,5573.259766,5551.549805,5571.279785,5571.279785,1883610000
2017-04-28,5598.470215,5600.0,5575.209961,5583.529785,5583.529785,2005870000
2017-05-01,5602.439941,5640.47998,5600.310059,5629.629883,5629.629883,1763100000
2017-05-02,5642.410156,5645.080078,5625.490234,5644.069824,5644.069824,2162610000
2017-05-03,5624.879883,5629.779785,5608.160156,5625.160156,5625.160156,2152850000
2017-05-04,5623.569824,5633.490234,5606.049805,5626.319824,5626.319824,2059820000
2017-05-05,5640.779785,5646.089844,5619.600098,5646.089844,5646.089844,1903040000
2017-05-08,5649.180176,5659.069824,5638.0,5659.069824,5659.069824,1912030000
2017-05-09,5667.97998,5691.209961,5664.0,5678.310059,5678.310059,2005820000
2017-05-10,5681.330078,5683.640137,5661.439941,5681.680176,5681.680176,2111850000
2017-05-11,5662.589844,5675.5,5637.399902,5674.220215,5674.220215,1952650000
2017-05-12,5683.580078,5687.419922,5672.040039,5686.810059,5686.810059,1749010000
2017-05-15,5687.970215,5706.609863,5683.100098,5704.47998,5704.47998,1865450000
2017-05-16,5715.149902,5724.709961,5699.410156,5724.439941,5724.439941,2006980000
2017-05-17,5673.620117,5688.740234,5578.160156,5580.549805,5580.549805,2355460000
2017-05-18,5569.810059,5645.080078,5568.470215,5626.310059,5626.310059,2134610000
2017-05-19,5640.709961,5673.629883,5640.680176,5651.560059,5651.560059,1908030000
2017-05-22,5662.950195,5701.049805,5661.589844,5699.399902,5699.399902,1728190000
2017-05-23,5714.939941,5716.549805,5690.200195,5703.350098,5703.350098,1709140000
2017-05-24,5720.830078,5732.569824,5705.169922,5730.299805,5730.299805,1672380000
2017-05-25,5748.290039,5793.129883,5738.819824,5778.370117,5778.370117,1775750000
2017-05-26,5782.169922,5790.200195,5771.709961,5788.359863,5788.359863,1573200000
2017-05-30,5785.379883,5799.990234,5781.370117,5794.629883,5794.629883,1690930000
2017-05-31,5812.970215,5813.259766,5762.560059,5788.799805,5788.799805,2212130000
2017-06-01,5804.169922,5816.600098,5779.890137,5816.509766,5816.509766,1946000000
2017-06-02,5834.410156,5881.459961,5825.740234,5881.459961,5881.459961,1825450000
2017-06-05,5881.220215,5888.919922,5871.089844,5878.120117,5878.120117,1742160000
2017-06-06,5869.47998,5890.879883,5848.319824,5856.77002,5856.77002,1893110000
2017-06-07,5871.77002,5883.189941,5845.959961,5877.589844,5877.589844,1827220000
2017-06-08,5894.75,5895.180176,5852.649902,5885.299805,5885.299805,2134350000
2017-06-09,5891.669922,5897.689941,5657.759766,5741.939941,5741.939941,3154590000
2017-06-12,5677.160156,5716.200195,5633.339844,5708.180176,5708.180176,2588860000
2017-06-13,5740.209961,5760.540039,5709.169922,5751.819824,5751.819824,2063930000
2017-06-14,5774.120117,5774.200195,5682.350098,5727.069824,5727.069824,1949040000
2017-06-15,5661.359863,5707.370117,5634.580078,5700.890137,5700.890137,1870010000
2017-06-16,5694.209961,5695.740234,5656.620117,5681.47998,5681.47998,3133000000
2017-06-19,5729.540039,5776.370117,5724.490234,5772.220215,5772.220215,1989290000
2017-06-20,5763.0,5772.169922,5725.009766,5726.310059,5726.310059,2580440000
2017-06-21,5740.580078,5784.919922,5737.009766,5782.390137,5782.390137,2408800000
2017-06-22,5787.439941,5802.459961,5767.870117,5779.870117,5779.870117,2177430000
2017-06-23,5775.029785,5810.310059,5759.700195,5803.109863,5803.109863,4164310000
2017-06-26,5832.310059,5845.149902,5765.870117,5777.589844,5777.589844,2155460000
2017-06-27,5752.720215,5761.040039,5671.600098,5671.600098,5671.600098,2189250000
2017-06-28,5693.47998,5757.22998,5660.529785,5753.029785,5753.029785,2077390000
2017-06-29,5723.310059,5723.660156,5599.439941,5653.02002,5653.02002,2410510000
2017-06-30,5676.399902,5681.899902,5637.740234,5646.919922,5646.919922,2011720000
2017-07-03,5680.359863,5684.97998,5592.529785,5596.959961,5596.959961,1091030000
2017-07-05,5611.0,5663.600098,5593.660156,5648.819824,5648.819824,1874040000
2017-07-06,5606.419922,5628.839844,5579.640137,5597.899902,5597.899902,1993290000
2017-07-07,5618.850098,5673.02002,5618.850098,5656.470215,5656.470215,1712490000
2017-07-10,5662.709961,5708.620117,5650.259766,5694.149902,5694.149902,1681270000
2017-07-11,5687.029785,5717.910156,5667.27002,5709.799805,5709.799805,1812560000
2017-07-12,5757.200195,5785.0,5749.649902,5778.950195,5778.950195,1827740000
2017-07-13,5785.319824,5806.180176,5776.620117,5793.359863,5793.359863,1806160000
2017-07-14,5815.040039,5844.799805,5799.850098,5838.080078,5838.080078,1615440000
2017-07-17,5845.819824,5860.640137,5830.25,5839.740234,5839.740234,1563390000
2017-07-18,5832.919922,5880.549805,5818.200195,5880.100098,5880.100098,1773220000
2017-07-19,5898.399902,5922.370117,5895.540039,5916.160156,5916.160156,1867470000
2017-07-20,5929.580078,5932.609863,5896.609863,5921.220215,5921.220215,1850000000
2017-07-21,5905.600098,5921.529785,5890.25,5921.529785,5921.529785,1807110000
2017-07-24,5920.930176,5950.580078,5912.740234,5941.370117,5941.370117,1748140000
2017-07-25,5927.100098,5945.060059,5916.290039,5930.649902,5930.649902,1930840000
2017-07-26,5944.160156,5954.379883,5939.169922,5950.72998,5950.72998,1996680000
2017-07-27,5994.02002,5995.77002,5847.049805,5917.029785,5917.029785,2501400000
2017-07-28,5883.700195,5918.310059,5868.919922,5908.919922,5908.919922,1877100000
2017-07-31,5928.680176,5932.370117,5871.790039,5880.330078,5880.330078,1898830000
2017-08-01,5900.640137,5905.290039,5880.450195,5895.169922,5895.169922,1821780000
2017-08-02,5934.069824,5936.149902,5859.620117,5914.22998,5914.22998,2115870000
2017-08-03,5915.72998,5917.470215,5879.720215,5891.200195,5891.200195,2124100000
2017-08-04,5899.689941,5912.560059,5877.060059,5899.910156,5899.910156,1908930000
2017-08-07,5909.450195,5936.790039,5903.75,5934.72998,5934.72998,1704010000
2017-08-08,5922.640137,5972.930176,5910.5,5926.350098,5926.350098,1931490000
2017-08-09,5879.549805,5920.959961,5866.169922,5919.390137,5919.390137,2037810000
2017-08-10,5880.140137,5887.27002,5783.359863,5788.189941,5788.189941,2214990000
2017-08-11,5792.319824,5844.609863,5785.259766,5831.529785,5831.529785,1799780000
2017-08-14,5878.640137,5916.330078,5878.0,5908.169922,5908.169922,1702570000
2017-08-15,5917.290039,5919.75,5893.850098,5907.72998,5907.72998,1582560000
2017-08-16,5920.680176,5944.97998,5899.560059,5917.419922,5917.419922,1809070000
2017-08-17,5896.319824,5903.870117,5796.319824,5796.319824,5796.319824,2052940000
2017-08-18,5803.899902,5831.080078,5770.140137,5790.910156,5790.910156,1968470000
2017-08-21,5791.040039,5804.299805,5750.5,5786.540039,5786.540039,1582990000
2017-08-22,5817.290039,5879.0,5817.02002,5873.330078,5873.330078,1599760000
2017-08-23,5842.160156,5864.779785,5840.709961,5851.779785,5851.779785,1535320000
2017-08-24,5863.990234,5871.870117,5802.77002,5834.439941,5834.439941,1618660000
2017-08-25,5854.310059,5870.470215,5815.600098,5822.529785,5822.529785,1445590000
2017-08-28,5839.27002,5852.799805,5821.870117,5838.080078,5838.080078,1565110000
2017-08-29,5785.290039,5871.790039,5785.220215,5862.140137,5862.140137,1639810000
2017-08-30,5870.879883,5940.569824,5865.339844,5932.899902,5932.899902,1717060000
2017-08-31,5948.740234,5995.450195,5945.950195,5988.600098,5988.600098,1889500000
2017-09-01,6001.819824,6009.609863,5972.27002,5987.899902,5987.899902,1489120000
2017-09-05,5966.640137,5980.910156,5890.25,5932.72998,5932.72998,1889620000
2017-09-06,5949.540039,5964.379883,5909.919922,5951.129883,5951.129883,1902720000
2017-09-07,5960.439941,5980.149902,5943.890137,5964.310059,5964.310059,2000910000
2017-09-08,5957.189941,5958.810059,5907.959961,5913.370117,5913.370117,1786070000
2017-09-11,5962.350098,5990.870117,5960.870117,5980.529785,5980.529785,1819310000
2017-09-12,5998.75,6002.970215,5968.089844,5995.640137,5995.640137,1747620000
2017-09-13,5982.850098,6004.470215,5974.879883,6004.379883,6004.379883,1944630000
2017-09-14,5981.850098,5997.22998,5965.060059,5968.819824,5968.819824,1817840000
2017-09-15,5965.660156,6009.450195,5957.850098,5988.0,5988.0,2827910000
2017-09-18,5997.509766,6012.950195,5963.169922,5981.120117,5981.120117,1881900000
2017-09-19,5991.930176,5998.240234,5971.169922,5991.080078,5991.080078,1816080000
2017-09-20,5987.720215,5994.529785,5927.700195,5973.609863,5973.609863,2083580000
2017-09-21,5965.600098,5965.600098,5915.740234,5934.910156,5934.910156,1779600000
2017-09-22,5912.200195,5937.589844,5911.47998,5932.319824,5932.319824,1648690000
2017-09-25,5904.060059,5908.569824,5839.890137,5867.350098,5867.350098,2061150000
2017-09-26,5893.180176,5908.470215,5862.990234,5881.339844,5881.339844,1935990000
2017-09-27,5912.959961,5957.75,5900.350098,5937.790039,5937.790039,2068400000
2017-09-28,5920.649902,5939.220215,5908.620117,5933.069824,5933.069824,1882790000
2017-09-29,5941.779785,5980.220215,5930.819824,5979.299805,5979.299805,1970720000
2017-10-02,5988.959961,6005.200195,5955.830078,5981.919922,5981.919922,1984400000
2017-10-03,5986.850098,5999.189941,5976.649902,5995.060059,5995.060059,1972760000
2017-10-04,5983.310059,6009.810059,5976.120117,5998.839844,5998.839844,1941470000
2017-10-05,6018.27002,6059.209961,6014.77002,6057.140137,6057.140137,1888970000
2017-10-06,6037.439941,6064.669922,6037.02002,6064.569824,6064.569824,1752170000
2017-10-09,6071.959961,6078.810059,6051.330078,6058.529785,6058.529785,1494160000
2017-10-10,6078.27002,6084.140137,6036.720215,6063.52002,6063.52002,1802480000
2017-10-11,6062.72998,6082.25,6052.439941,6081.25,6081.25,1837860000
2017-10-12,6072.209961,6093.759766,6063.470215,6069.990234,6069.990234,2020330000
2017-10-13,6094.720215,6100.060059,6087.029785,6092.450195,6092.450195,1761700000
2017-10-16,6108.660156,6115.529785,6095.629883,6114.529785,6114.529785,1632240000
2017-10-17,6111.319824,6122.819824,6103.660156,6122.609863,6122.609863,1653160000
2017-10-18,6128.910156,6129.490234,6106.850098,6114.350098,6114.350098,1738060000
2017-10-19,6074.279785,6092.870117,6051.470215,6092.620117,6092.620117,1847020000
2017-10-20,6114.459961,6122.560059,6102.160156,6108.819824,6108.819824,1812220000
2017-10-23,6122.240234,6122.240234,6061.080078,6067.830078,6067.830078,1813080000
2017-10-24,6078.02002,6090.890137,6057.689941,6080.220215,6080.220215,1852610000
2017-10-25,6069.350098,6087.580078,6011.240234,6055.040039,6055.040039,2205790000
2017-10-26,6056.049805,6066.609863,6035.959961,6037.870117,6037.870117,2125640000
2017-10-27,6138.22998,6223.52002,6129.799805,6213.470215,6213.470215,2414520000
2017-10-30,6209.799805,6250.850098,6202.529785,6227.589844,6227.589844,2015920000
2017-10-31,6241.879883,6258.419922,6229.149902,6248.560059,6248.560059,2054220000
2017-11-01,6274.259766,6276.669922,6224.580078,6248.649902,6248.649902,2074230000
2017-11-02,6238.290039,6243.740234,6194.580078,6236.390137,6236.390137,2282300000
2017-11-03,6266.189941,6297.620117,6237.649902,6295.580078,6295.580078,2203880000
2017-11-06,6292.149902,6318.580078,6291.839844,6313.609863,6313.609863,2173120000
2017-11-07,6314.689941,6328.580078,6299.529785,6320.779785,6320.779785,2209280000
2017-11-08,6319.029785,6346.97998,6308.620117,6345.810059,6345.810059,2121340000
2017-11-09,6295.290039,6315.160156,6248.290039,6312.209961,6312.209961,2243500000
2017-11-10,6297.149902,6313.169922,6284.220215,6309.069824,6309.069824,1979120000
2017-11-13,6286.009766,6325.180176,6285.970215,6316.180176,6316.180176,1976460000
2017-11-14,6293.330078,6300.459961,6263.77002,6293.640137,6293.640137,1988230000
2017-11-15,6261.27002,6276.799805,6227.990234,6258.359863,6258.359863,1923730000
2017-11-16,6293.459961,6352.470215,6293.459961,6339.140137,6339.140137,2020380000
2017-11-17,6343.640137,6345.560059,6308.47998,6314.509766,6314.509766,2009220000
2017-11-20,6319.569824,6324.589844,6301.879883,6308.609863,6308.609863,1811750000
2017-11-21,6336.910156,6380.069824,6336.259766,6378.629883,6378.629883,1891960000
2017-11-22,6384.129883,6391.160156,6371.75,6386.120117,6386.120117,1589150000
2017-11-24,6393.330078,6410.77002,6389.399902,6409.290039,6409.290039,872110000
2017-11-27,6409.52002,6420.209961,6392.009766,6405.970215,6405.970215,1781550000
2017-11-28,6419.47998,6426.040039,6385.319824,6422.560059,6422.560059,2003840000
2017-11-29,6412.689941,6412.689941,6279.370117,6311.379883,6311.379883,2456990000
2017-11-30,6337.339844,6374.189941,6321.430176,6365.560059,6365.560059,2468530000
2017-12-01,6325.609863,6365.299805,6244.839844,6337.870117,6337.870117,2302140000
2017-12-04,6380.680176,6380.77002,6256.810059,6263.700195,6263.700195,2427170000
2017-12-05,6242.470215,6337.060059,6235.77002,6265.109863,6265.109863,2085760000
2017-12-06,6243.720215,6304.100098,6234.220215,6293.049805,6293.049805,1901770000
2017-12-07,6300.640137,6333.290039,6290.649902,6316.279785,6316.279785,1953740000
2017-12-08,6364.600098,6377.549805,6335.22998,6344.569824,6344.569824,1825640000
2017-12-11,6351.240234,6394.430176,6347.910156,6393.890137,6393.890137,1836780000
2017-12-12,6389.470215,6403.5,6371.689941,6383.649902,6383.649902,1872810000
2017-12-13,6405.410156,6416.830078,6388.410156,6394.669922,6394.669922,1931090000
2017-12-14,6407.259766,6423.680176,6386.25,6389.910156,6389.910156,1990090000
2017-12-15,6405.149902,6470.919922,6405.029785,6466.319824,6466.319824,3529590000
2017-12-18,6504.890137,6522.700195,6495.180176,6513.27002,6513.27002,2150580000
2017-12-19,6505.359863,6510.870117,6462.790039,6480.669922,6480.669922,2084190000
2017-12-20,6504.549805,6504.549805,6447.930176,6472.47998,6472.47998,1888140000
2017-12-21,6481.080078,6501.52002,6467.779785,6472.689941,6472.689941,1827410000
2017-12-22,6462.549805,6467.830078,6449.0,6465.169922,6465.169922,1541880000
2017-12-26,6427.319824,6438.240234,6407.990234,6433.160156,6433.160156,1301000000
2017-12-27,6437.060059,6448.939941,6425.919922,6435.149902,6435.149902,1411010000
2017-12-28,6449.529785,6452.069824,6432.680176,6441.419922,6441.419922,1319870000
2017-12-29,6439.910156,6442.529785,6396.419922,6396.419922,6396.419922,1575290000
2018-01-02,6431.589844,6513.02002,6417.75,6511.339844,6511.339844,1929700000
2018-01-03,6520.029785,6579.25,6519.259766,6575.799805,6575.799805,2173130000
2018-01-04,6595.75,6603.169922,6576.919922,6584.580078,6584.580078,2103220000
2018-01-05,6613.129883,6654.97998,6605.029785,6653.290039,6653.290039,2024000000
2018-01-08,6651.680176,6680.319824,6649.200195,6676.629883,6676.629883,2055010000
2018-01-09,6692.870117,6696.120117,6658.27002,6677.939941,6677.939941,2155810000
2018-01-10,6640.660156,6663.509766,6619.350098,6662.660156,6662.660156,2132430000
2018-01-11,6675.689941,6708.490234,6664.740234,6708.490234,6708.490234,2015170000
2018-01-12,6699.319824,6763.97998,6695.52002,6758.540039,6758.540039,1986600000
2018-01-16,6807.850098,6835.790039,6719.109863,6737.140137,6737.140137,2399790000
2018-01-17,6767.850098,6820.040039,6738.450195,6810.279785,6810.279785,2245910000
2018-01-18,6804.589844,6826.790039,6784.720215,6811.379883,6811.379883,2037410000
2018-01-19,6829.040039,6843.240234,6801.589844,6834.330078,6834.330078,2005470000
2018-01-22,6829.549805,6906.279785,6822.850098,6906.279785,6906.279785,2118310000
2018-01-23,6928.27002,6969.399902,6926.370117,6963.459961,6963.459961,2135840000
2018-01-24,6975.379883,6992.910156,6880.680176,6919.350098,6919.350098,2287320000
2018-01-25,6965.009766,6967.600098,6894.839844,6916.299805,6916.299805,2081380000
2018-01-26,6956.660156,7022.970215,6941.47998,7022.970215,7022.970215,2080700000
2018-01-29,7000.680176,7020.640137,6974.700195,6988.319824,6988.319824,2114420000
2018-01-30,6910.390137,6958.790039,6894.629883,6930.72998,6930.72998,2183420000
2018-01-31,6972.810059,6983.609863,6915.47998,6949.990234,6949.990234,2428990000
2018-02-01,6910.569824,6970.77002,6879.02002,6901.5,6901.5,2311180000
2018-02-02,6866.379883,6889.069824,6756.540039,6760.290039,6760.290039,2607160000
2018-02-05,6687.470215,6807.959961,6495.390137,6495.919922,6495.919922,3143210000
2018-02-06,6378.600098,6673.410156,6370.47998,6665.97998,6665.97998,3148270000
2018-02-07,6632.97998,6716.25,6581.379883,6582.02002,6582.02002,2380020000
2018-02-08,6595.810059,6606.049805,6304.180176,6306.100098,6306.100098,2730740000
2018-02-09,6395.160156,6453.430176,6164.430176,6412.680176,6412.680176,3165330000
2018-02-12,6477.040039,6565.279785,6424.299805,6523.850098,6523.850098,2250650000
2018-02-13,6482.77002,6567.620117,6478.410156,6553.859863,6553.859863,1830320000
2018-02-14,6523.259766,6684.149902,6520.390137,6675.029785,6675.029785,2217630000
2018-02-15,6734.339844,6795.919922,6665.919922,6794.919922,6794.919922,2124060000
2018-02-16,6778.279785,6840.600098,6758.509766,6770.660156,6770.660156,2037710000
2018-02-20,6742.149902,6838.0,6740.47998,6779.689941,6779.689941,1921870000
2018-02-21,6808.600098,6879.470215,6759.220215,6759.259766,6759.259766,1956120000
2018-02-22,6793.080078,6826.009766,6744.049805,6761.850098,6761.850098,1927580000
2018-02-23,6816.430176,6897.529785,6789.029785,6896.600098,6896.600098,1887540000
2018-02-26,6933.819824,6989.359863,6927.459961,6989.100098,6989.100098,1876560000
2018-02-27,6984.830078,7003.129883,6900.350098,6900.350098,6900.350098,2162250000
2018-02-28,6945.200195,6964.160156,6854.419922,6854.419922,6854.419922,2384940000
2018-03-01,6862.939941,6892.379883,6687.439941,6750.540039,6750.540039,2499010000
2018-03-02,6661.910156,6820.370117,6645.029785,6811.040039,6811.040039,2291480000
2018-03-05,6777.629883,6901.629883,6753.830078,6881.279785,6881.279785,2076870000
2018-03-06,6919.790039,6937.029785,6872.060059,6913.02002,6913.02002,2132920000
2018-03-07,6855.569824,6935.47998,6850.910156,6929.390137,6929.390137,2198610000
2018-03-08,6955.850098,6971.0,6931.350098,6966.430176,6966.430176,2277740000
2018-03-09,7014.839844,7101.310059,7007.299805,7101.180176,7101.180176,2310050000
2018-03-12,7122.470215,7156.25,7108.040039,7131.120117,7131.120117,2314480000
2018-03-13,7172.25,7186.089844,7025.830078,7046.509766,7046.509766,2459220000
2018-03-14,7077.850098,7084.069824,7012.569824,7040.97998,7040.97998,2112950000
2018-03-15,7050.660156,7075.549805,7010.009766,7030.970215,7030.970215,2008290000
2018-03-16,7058.120117,7061.669922,7011.689941,7019.950195,7019.950195,3089970000
2018-03-19,6945.970215,6949.02002,6806.160156,6864.879883,6864.879883,2352810000
2018-03-20,6871.089844,6902.22998,6845.850098,6885.919922,6885.919922,1976000000
2018-03-21,6863.290039,6930.700195,6828.879883,6853.450195,6853.450195,1999230000
2018-03-22,6763.939941,6809.939941,6679.350098,6682.259766,6682.259766,2370970000
2018-03-23,6683.189941,6708.580078,6507.839844,6508.089844,6508.089844,2455760000
2018-03-26,6644.399902,6760.649902,6538.790039,6753.830078,6753.830078,2341370000
2018-03-27,6791.390137,6793.5,6479.560059,6529.839844,6529.839844,2347480000
2018-03-28,6488.02002,6559.879883,6410.040039,6460.810059,6460.810059,2551950000
2018-03-29,6493.509766,6640.759766,6435.669922,6581.129883,6581.129883,2593390000
2018-04-02,6528.22998,6560.959961,6322.600098,6390.839844,6390.839844,2402670000
2018-04-03,6448.049805,6485.27002,6343.899902,6458.830078,6458.830078,2330900000
2018-04-04,6326.540039,6578.560059,6326.540039,6560.060059,6560.060059,2261580000
2018-04-05,6619.220215,6632.209961,6550.279785,6594.839844,6594.839844,2153030000
2018-04-06,6514.47998,6587.359863,6402.029785,6433.209961,6433.209961,2359780000
2018-04-09,6488.47998,6604.259766,6466.040039,6472.339844,6472.339844,2089220000
2018-04-10,6585.529785,6639.970215,6534.890137,6615.870117,6615.870117,2252020000
2018-04-11,6578.839844,6650.290039,6574.879883,6583.439941,6583.439941,1882090000
2018-04-12,6627.319824,6682.689941,6618.810059,6656.259766,6656.259766,2027080000
2018-04-13,6696.02002,6703.310059,6598.339844,6628.339844,6628.339844,1768160000
2018-04-16,6675.919922,6699.759766,6633.080078,6675.180176,6675.180176,1800450000
2018-04-17,6738.649902,6834.310059,6729.790039,6816.370117,6816.370117,1935380000
2018-04-18,6824.580078,6856.959961,6788.319824,6833.209961,6833.209961,1908700000
2018-04-19,6793.080078,6815.040039,6749.069824,6774.890137,6774.890137,1982090000
2018-04-20,6754.680176,6757.680176,6642.830078,6667.75,6667.75,1935160000
2018-04-23,6699.160156,6721.649902,6613.549805,6648.799805,6648.799805,1744480000
2018-04-24,6680.879883,6688.890137,6464.740234,6509.049805,6509.049805,2154270000
2018-04-25,6514.330078,6540.759766,6426.569824,6513.939941,6513.939941,2055840000
2018-04-26,6606.609863,6673.649902,6579.120117,6649.649902,6649.649902,2141220000
2018-04-27,6748.589844,6750.779785,6619.259766,6656.350098,6656.350098,2050350000
2018-04-30,6669.439941,6712.5,6593.600098,6605.569824,6605.569824,1998570000
2018-05-01,6592.930176,6685.410156,6578.259766,6681.959961,6681.959961,1932660000
2018-05-02,6694.52002,6715.959961,6637.959961,6644.47998,6644.47998,2157860000
2018-05-03,6608.700195,6667.290039,6539.870117,6643.47998,6643.47998,2355780000
2018-05-04,6618.700195,6783.359863,6612.390137,6769.120117,6769.120117,2040520000
2018-05-07,6803.450195,6846.459961,6796.049805,6821.870117,6821.870117,1950650000
2018-05-08,6813.910156,6830.870117,6770.299805,6815.47998,6815.47998,2070970000
2018-05-09,6830.549805,6895.930176,6807.399902,6893.209961,6893.209961,2250260000
2018-05-10,6909.180176,6966.930176,6906.77002,6963.549805,6963.549805,2250450000
2018-05-11,6948.870117,6969.299805,6923.609863,6952.560059,6952.560059,2085350000
2018-05-14,6977.350098,7008.259766,6954.640137,6964.370117,6964.370117,2085850000
2018-05-15,6909.319824,6912.040039,6852.72998,6888.540039,6888.540039,2120380000
2018-05-16,6892.890137,6944.540039,6891.649902,6929.970215,6929.970215,2103060000
2018-05-17,6905.75,6952.97998,6869.390137,6901.629883,6901.629883,1958970000
2018-05-18,6876.649902,6897.910156,6857.580078,6866.25,6866.25,1982190000
2018-05-21,6920.319824,6948.27002,6876.350098,6905.529785,6905.529785,1997220000
2018-05-22,6934.700195,6947.430176,6883.75,6893.620117,6893.620117,1927420000
2018-05-23,6847.27002,6954.700195,6846.939941,6953.629883,6953.629883,1997090000
2018-05-24,6951.52002,6963.680176,6882.569824,6949.700195,6949.700195,2035460000
2018-05-25,6951.470215,6982.52002,6941.850098,6960.919922,6960.919922,1771950000
2018-05-29,6928.5,6964.649902,6887.120117,6926.540039,6926.540039,2095380000
2018-05-30,6955.589844,6987.629883,6938.02002,6976.370117,6976.370117,2058300000
2018-05-31,6969.930176,7016.419922,6955.990234,6967.72998,6967.72998,2533360000
2018-06-01,7010.080078,7084.839844,7008.02002,7083.930176,7083.930176,2212330000
2018-06-04,7099.5,7146.77002,7099.089844,7143.569824,7143.569824,2152170000
2018-06-05,7162.410156,7179.819824,7137.129883,7166.75,7166.75,2063270000
2018-06-06,7180.240234,7212.450195,7140.919922,7210.080078,7210.080078,2198100000
2018-06-07,7212.430176,7212.430176,7115.859863,7152.830078,7152.830078,2339720000
2018-06-08,7121.759766,7161.919922,7100.72998,7152.620117,7152.620117,1949810000
2018-06-11,7149.649902,7187.450195,7146.089844,7168.47998,7168.47998,1959360000
2018-06-12,7181.669922,7214.490234,7173.759766,7209.180176,7209.180176,2019890000
2018-06-13,7219.580078,7261.169922,7193.02002,7205.259766,7205.259766,2197830000
2018-06-14,7233.700195,7291.310059,7233.700195,7279.589844,7279.589844,2193630000
2018-06-15,7245.160156,7268.839844,7220.970215,7255.759766,7255.759766,3049870000
2018-06-18,7201.180176,7256.430176,7186.160156,7251.410156,7251.410156,2102660000
2018-06-19,7158.799805,7229.990234,7138.02002,7228.040039,7228.040039,2283340000
2018-06-20,7264.850098,7309.990234,7256.870117,7280.700195,7280.700195,2316420000
2018-06-21,7304.049805,7308.259766,7203.930176,7217.490234,7217.490234,2349640000
2018-06-22,7239.720215,7239.75,7177.459961,7197.509766,7197.509766,3956300000
2018-06-25,7131.049805,7144.290039,6976.959961,7038.169922,7038.169922,2423190000
2018-06-26,7061.22998,7108.450195,7040.060059,7068.200195,7068.200195,2068870000
2018-06-27,7096.600098,7128.77002,6968.299805,6969.669922,6969.669922,2319650000
2018-06-28,6963.370117,7055.25,6950.22998,7031.600098,7031.600098,2208870000
2018-06-29,7071.490234,7101.830078,7031.399902,7040.799805,7040.799805,2208820000
2018-07-02,6979.540039,7099.27002,6969.160156,7097.819824,7097.819824,1777880000
2018-07-03,7121.709961,7122.450195,7009.509766,7014.549805,7014.549805,1171420000
2018-07-05,7064.0,7105.540039,7025.25,7101.049805,7101.049805,1754690000
2018-07-06,7114.169922,7217.0,7106.100098,7207.330078,7207.330078,1718600000
2018-07-09,7251.180176,7277.580078,7221.319824,7276.0,7276.0,1844440000
2018-07-10,7287.049805,7297.790039,7257.490234,7282.600098,7282.600098,1735230000
2018-07-11,7221.660156,7271.120117,7220.22998,7243.97998,7243.97998,1768480000
2018-07-12,7276.379883,7368.720215,7274.160156,7366.25,7366.25,1930830000
2018-07-13,7372.279785,7387.740234,7348.959961,7375.819824,7375.819824,1727500000
2018-07-16,7381.029785,7390.640137,7346.339844,7357.899902,7357.899902,1739360000
2018-07-17,7291.47998,7418.430176,7288.299805,7403.890137,7403.890137,1752210000
2018-07-18,7407.25,7411.25,7368.359863,7390.129883,7390.129883,1881110000
2018-07-19,7364.660156,7388.990234,7344.330078,7352.359863,7352.359863,1886300000
2018-07-20,7379.129883,7398.589844,7343.370117,7350.22998,7350.22998,1796530000
2018-07-23,7335.419922,7376.819824,7301.339844,7371.779785,7371.779785,1668270000
2018-07-24,7455.509766,7475.990234,7375.740234,7406.25,7406.25,2021890000
2018-07-25,7406.100098,7511.390137,7405.640137,7508.589844,7508.589844,1943820000
2018-07-26,7404.560059,7430.120117,7385.720215,7400.75,7400.75,2289370000
2018-07-27,7443.240234,7443.240234,7255.319824,7296.779785,7296.779785,2193410000
2018-07-30,7292.720215,7299.080078,7158.779785,7193.100098,7193.100098,2154140000
2018-07-31,7219.669922,7272.959961,7179.410156,7231.97998,7231.97998,2208610000
2018-08-01,7269.200195,7294.799805,7234.640137,7272.890137,7272.890137,2228950000
2018-08-02,7221.350098,7380.560059,7221.350098,7372.149902,7372.149902,2115490000
2018-08-03,7389.359863,7395.490234,7356.330078,7395.490234,7395.490234,2035870000
2018-08-06,7390.819824,7439.549805,7381.580078,7438.990234,7438.990234,2245300000
2018-08-07,7459.319824,7478.959961,7443.879883,7462.649902,7462.649902,2206400000
2018-08-08,7454.419922,7486.209961,7435.77002,7469.549805,7469.549805,2098100000
2018-08-09,7467.509766,7498.370117,7458.569824,7466.959961,7466.959961,2048170000
2018-08-10,7409.049805,7436.689941,7382.830078,7408.299805,7408.299805,2107530000
2018-08-13,7420.180176,7468.819824,7398.529785,7401.169922,7401.169922,1934100000
2018-08-14,7430.450195,7455.419922,7390.0,7447.169922,7447.169922,1938840000
2018-08-15,7385.669922,7409.47998,7308.52002,7354.660156,7354.660156,2294100000
2018-08-16,7409.609863,7422.830078,7361.879883,7374.290039,7374.290039,1991410000
2018-08-17,7352.629883,7394.939941,7312.649902,7377.540039,7377.540039,1850770000
2018-08-20,7393.580078,7395.75,7343.470215,7371.419922,7371.419922,1709500000
2018-08-21,7393.459961,7441.419922,7388.370117,7397.22998,7397.22998,1788860000
2018-08-22,7379.839844,7434.47998,7374.689941,7424.600098,7424.600098,1669240000
2018-08-23,7420.310059,7465.870117,7405.399902,7413.839844,7413.839844,1888600000
2018-08-24,7443.709961,7489.540039,7442.990234,7485.399902,7485.399902,1892990000
2018-08-27,7527.370117,7560.759766,7512.02002,7559.129883,7559.129883,2333790000
2018-08-28,7580.850098,7588.720215,7556.709961,7570.25,7570.25,1980270000
2018-08-29,7585.129883,7661.950195,7583.52002,7660.180176,7660.180176,1909880000
2018-08-30,7645.109863,7691.100098,7619.72998,7642.669922,7642.669922,2022720000
2018-08-31,7634.439941,7676.459961,7628.540039,7654.549805,7654.549805,1906900000
2018-09-04,7629.339844,7643.450195,7581.350098,7622.319824,7622.319824,2238710000
2018-09-05,7600.950195,7607.180176,7498.379883,7523.259766,7523.259766,2602810000
2018-09-06,7527.220215,7532.299805,7405.319824,7453.169922,7453.169922,2375380000
2018-09-07,7402.189941,7489.399902,7400.990234,7430.259766,7430.259766,2158930000
2018-09-10,7466.759766,7473.75,7410.740234,7447.680176,7447.680176,2055430000
2018-09-11,7415.089844,7519.450195,7401.720215,7507.870117,7507.870117,2345080000
2018-09-12,7493.379883,7501.240234,7422.910156,7488.060059,7488.060059,2372320000
2018-09-13,7535.22998,7578.759766,7531.660156,7561.689941,7561.689941,2332930000
2018-09-14,7575.379883,7581.299805,7515.040039,7545.5,7545.5,2069380000
2018-09-17,7522.589844,7533.919922,7427.790039,7434.72998,7434.72998,2303600000
2018-09-18,7440.859863,7531.200195,7436.529785,7494.399902,7494.399902,2328260000
2018-09-19,7498.240234,7513.339844,7441.560059,7490.319824,7490.319824,2167720000
2018-09-20,7534.02002,7582.430176,7523.870117,7569.029785,7569.029785,2306580000
2018-09-21,7587.390137,7603.859863,7522.120117,7531.069824,7531.069824,3729890000
2018-09-24,7477.450195,7554.950195,7447.22998,7548.75,7548.75,2433260000
2018-09-25,7552.02002,7568.169922,7525.189941,7563.189941,7563.189941,2328660000
2018-09-26,7563.959961,7637.620117,7553.259766,7563.089844,7563.089844,2342370000
2018-09-27,7600.350098,7657.799805,7596.959961,7629.569824,7629.569824,2073930000
2018-09-28,7612.649902,7649.299805,7598.689941,7627.649902,7627.649902,2342120000
2018-10-01,7673.0,7700.560059,7627.470215,7645.450195,7645.450195,2299520000
2018-10-02,7632.370117,7685.359863,7610.25,7628.279785,7628.279785,2416800000
2018-10-03,7663.089844,7676.899902,7625.600098,7637.430176,7637.430176,3095630000
2018-10-04,7603.009766,7608.240234,7436.259766,7490.0,7490.0,3302690000
2018-10-05,7482.040039,7510.450195,7327.439941,7399.009766,7399.009766,2699370000
2018-10-08,7356.540039,7415.540039,7267.02002,7352.819824,7352.819824,2259300000
2018-10-09,7352.439941,7430.359863,7339.859863,7371.620117,7371.620117,2466440000
2018-10-10,7319.810059,7329.240234,7042.060059,7044.5,7044.5,3111680000
2018-10-11,7013.47998,7120.100098,6892.890137,6964.029785,6964.029785,3154520000
2018-10-12,7150.209961,7179.040039,7019.890137,7157.209961,7157.209961,2674210000
2018-10-15,7129.310059,7144.160156,7047.470215,7068.669922,7068.669922,2167000000
2018-10-16,7141.669922,7291.259766,7133.290039,7276.430176,7276.430176,2639760000
2018-10-17,7310.0,7311.850098,7205.759766,7278.629883,7278.629883,2385070000
2018-10-18,7250.919922,7251.540039,7081.890137,7116.089844,7116.089844,2567980000
2018-10-19,7169.450195,7227.959961,7080.740234,7107.22998,7107.22998,2547790000
2018-10-22,7146.029785,7193.720215,7088.899902,7141.209961,7141.209961,2301010000
2018-10-23,7002.689941,7149.129883,6933.560059,7118.669922,7118.669922,2752010000
2018-10-24,7101.850098,7117.339844,6777.470215,6789.149902,6789.149902,2959560000
2018-10-25,6891.27002,7063.919922,6866.75,7016.390137,7016.390137,2788090000
2018-10-26,6804.689941,6976.939941,6743.779785,6852.399902,6852.399902,2971530000
2018-10-29,6954.689941,6973.189941,6574.75,6713.899902,6713.899902,2711900000
2018-10-30,6673.839844,6816.27002,6652.529785,6810.120117,6810.120117,2699220000
2018-10-31,6933.109863,7030.509766,6924.089844,6967.100098,6967.100098,2918880000
2018-11-01,6980.790039,7071.839844,6932.209961,7069.169922,7069.169922,2728760000
2018-11-02,7042.299805,7085.27002,6909.069824,6965.290039,6965.290039,2899670000
2018-11-05,6946.149902,6952.930176,6859.799805,6937.089844,6937.089844,2186310000
2018-11-06,6939.129883,7024.779785,6928.0,6988.850098,6988.850098,2300920000
2018-11-07,7068.5,7205.959961,7057.709961,7203.129883,7203.129883,2687410000
2018-11-08,7176.189941,7192.319824,7125.140137,7158.589844,7158.589844,2475160000
2018-11-09,7095.450195,7104.390137,6982.890137,7039.149902,7039.149902,2426750000
2018-11-12,6990.370117,6998.799805,6819.379883,6829.100098,6829.100098,2305340000
2018-11-13,6858.589844,6951.439941,6811.680176,6830.910156,6830.910156,2361240000
2018-11-14,6896.200195,6916.100098,6736.180176,6769.870117,6769.870117,2566210000
2018-11-15,6750.629883,6908.830078,6702.419922,6890.450195,6890.450195,2523500000
2018-11-16,6823.029785,6898.129883,6797.430176,6867.02002,6867.02002,2466980000
2018-11-19,6832.25,6841.439941,6623.370117,6642.919922,6642.919922,2381430000
2018-11-20,6475.680176,6614.009766,6442.359863,6526.959961,6526.959961,2672250000
2018-11-21,6608.120117,6639.370117,6566.310059,6575.660156,6575.660156,1867840000
2018-11-23,6525.02002,6591.560059,6524.549805,6527.350098,6527.350098,958950000
2018-11-26,6616.790039,6679.910156,6590.890137,6678.339844,6678.339844,2036910000
2018-11-27,6639.390137,6715.410156,6609.080078,6701.040039,6701.040039,2076790000
2018-11-28,6756.129883,6914.790039,6713.290039,6913.330078,6913.330078,2413120000
2018-11-29,6890.839844,6938.02002,6839.450195,6892.399902,6892.399902,2018190000
2018-11-30,6902.240234,6951.129883,6872.290039,6949.009766,6949.009766,2547970000
2018-12-03,7106.839844,7107.0,7013.200195,7062.129883,7062.129883,2643150000
2018-12-04,7026.810059,7045.680176,6785.850098,6795.209961,6795.209961,2655720000
2018-12-06,6652.129883,6840.5,6630.819824,6838.850098,6838.850098,2857650000
2018-12-07,6806.629883,6849.379883,6594.540039,6613.279785,6613.279785,2504680000
2018-12-10,6603.359863,6710.390137,6534.330078,6682.740234,6682.740234,2380270000
2018-12-11,6782.410156,6788.470215,6650.830078,6704.240234,6704.240234,2286810000
2018-12-12,6800.549805,6867.660156,6761.779785,6763.959961,6763.959961,2427080000
2018-12-13,6805.700195,6833.779785,6724.040039,6767.970215,6767.970215,2162210000
2018-12-14,6679.910156,6710.410156,6585.310059,6594.959961,6594.959961,2218330000
2018-12-17,6571.0,6621.629883,6399.549805,6448.390137,6448.390137,2697400000
2018-12-18,6503.120117,6551.040039,6434.600098,6491.52002,6491.52002,2623270000
2018-12-19,6480.310059,6575.390137,6284.720215,6342.970215,6342.970215,2919140000
2018-12-20,6312.720215,6380.970215,6161.850098,6243.189941,6243.189941,3282440000
2018-12-21,6293.049805,6308.310059,6013.97998,6046.560059,6046.560059,4571670000
2018-12-24,5994.080078,6075.169922,5895.120117,5899.350098,5899.350098,1647440000
2018-12-26,5969.080078,6263.819824,5921.859863,6262.77002,6262.77002,2572890000
2018-12-27,6168.600098,6291.990234,6043.450195,6288.299805,6288.299805,2449110000
2018-12-28,6326.620117,6388.359863,6233.689941,6285.27002,6285.27002,2216250000
2018-12-31,6354.850098,6365.390137,6273.939941,6329.970215,6329.970215,2109320000
2019-01-02,6198.680176,6394.740234,6198.680176,6360.870117,6360.870117,2261800000
2019-01-03,6274.759766,6292.680176,6139.399902,6147.129883,6147.129883,2631550000
2019-01-04,6250.049805,6445.200195,6234.589844,6422.669922,6422.669922,2596150000
2019-01-07,6434.549805,6521.439941,6412.97998,6488.25,6488.25,2523450000
2019-01-08,6555.910156,6574.72998,6457.0,6551.850098,6551.850098,2407340000
2019-01-09,6576.540039,6631.060059,6549.439941,6600.689941,6600.689941,2434500000
2019-01-10,6551.049805,6625.109863,6517.540039,6620.939941,6620.939941,2190110000
2019-01-11,6579.890137,6604.560059,6562.040039,6601.399902,6601.399902,2074310000
2019-01-14,6536.370117,6566.870117,6512.640137,6541.040039,6541.040039,1960780000
2019-01-15,6571.149902,6674.529785,6567.319824,6669.640137,6669.640137,2066090000
2019-01-16,6677.379883,6720.410156,6665.049805,6668.560059,6668.560059,2163730000
2019-01-17,6646.189941,6747.279785,6637.100098,6718.450195,6718.450195,2149280000
2019-01-18,6771.52002,6816.22998,6727.939941,6784.609863,6784.609863,2459920000
2019-01-22,6736.649902,6738.569824,6603.560059,6646.810059,6646.810059,2397660000
2019-01-23,6689.080078,6712.859863,6584.5,6658.759766,6658.759766,2288090000
2019-01-24,6680.339844,6710.72998,6656.52002,6702.549805,6702.549805,2419110000
2019-01-25,6755.669922,6800.970215,6733.319824,6787.370117,6787.370117,2446550000
2019-01-28,6691.839844,6697.529785,6644.310059,6697.089844,6697.089844,2448790000
2019-01-29,6695.709961,6701.470215,6613.419922,6632.790039,6632.790039,2106370000
2019-01-30,6708.560059,6826.919922,6688.330078,6807.910156,6807.910156,2569410000
2019-01-31,6840.930176,6936.339844,6837.919922,6906.839844,6906.839844,2947490000
2019-02-01,6872.72998,6921.950195,6857.310059,6875.52002,6875.52002,2398800000
2019-02-04,6876.560059,6960.970215,6872.600098,6959.959961,6959.959961,2106030000
2019-02-05,6969.370117,7029.77002,6967.939941,7023.52002,7023.52002,2284960000
2019-02-06,7023.890137,7034.939941,6969.830078,6997.620117,6997.620117,2179400000
2019-02-07,6934.330078,6954.77002,6854.350098,6904.97998,6904.97998,2310700000
2019-02-08,6843.330078,6914.560059,6836.700195,6913.129883,6913.129883,2102520000
2019-02-11,6941.259766,6958.330078,6893.799805,6909.180176,6909.180176,1908490000
2019-02-12,6960.549805,7021.759766,6948.330078,7014.669922,7014.669922,2140130000
2019-02-13,7038.319824,7062.580078,7009.72998,7015.879883,7015.879883,2103840000
2019-02-14,6986.509766,7047.879883,6969.689941,7022.419922,7022.419922,2117500000
2019-02-15,7066.379883,7073.990234,7022.299805,7055.180176,7055.180176,2263640000
2019-02-19,7033.370117,7089.100098,7032.779785,7066.609863,7066.609863,2124140000
2019-02-20,7070.240234,7096.149902,7027.370117,7062.339844,7062.339844,2202670000
2019-02-21,7047.080078,7063.069824,7001.799805,7035.160156,7035.160156,2144680000
2019-02-22,7055.200195,7094.290039,7050.009766,7090.629883,7090.629883,2428560000
2019-02-25,7144.339844,7161.72998,7111.779785,7115.430176,7115.430176,2399410000
2019-02-26,7098.970215,7144.649902,7087.140137,7123.220215,7123.220215,2305760000
2019-02-27,7095.75,7125.779785,7045.410156,7117.0,7117.0,2430790000
2019-02-28,7093.200195,7125.919922,7081.919922,7097.529785,7097.529785,2676790000
2019-03-01,7152.080078,7159.959961,7101.069824,7151.569824,7151.569824,2490920000
2019-03-04,7193.879883,7205.939941,7073.399902,7150.830078,7150.830078,2582090000
2019-03-05,7156.660156,7178.299805,7120.689941,7156.790039,7156.790039,2166670000
2019-03-06,7156.240234,7162.240234,7104.549805,7112.470215,7112.470215,2256550000
2019-03-07,7089.629883,7097.910156,7001.810059,7026.879883,7026.879883,2462690000
2019-03-08,6940.899902,7018.919922,6940.720215,7015.689941,7015.689941,2260950000
2019-03-11,7050.049805,7166.930176,7049.560059,7164.02002,7164.02002,2248460000
2019-03-12,7176.22998,7219.410156,7166.950195,7201.279785,7201.279785,2171620000
2019-03-13,7231.049805,7292.859863,7229.879883,7256.97998,7256.97998,2379260000
2019-03-14,7257.310059,7267.939941,7240.959961,7243.009766,7243.009766,2198900000
2019-03-15,7274.140137,7331.299805,7265.629883,7306.990234,7306.990234,3451860000
2019-03-18,7311.629883,7348.689941,7293.850098,7326.279785,7326.279785,2302140000
2019-03-19,7357.580078,7390.290039,7321.930176,7349.279785,7349.279785,2457920000
2019-03-20,7348.990234,7422.75,7318.419922,7380.75,7380.75,2464230000
2019-03-21,7356.939941,7505.410156,7356.939941,7493.27002,7493.27002,2502810000
2019-03-22,7458.439941,7482.350098,7323.52002,7326.060059,7326.060059,2504740000
2019-03-25,7299.930176,7342.509766,7265.279785,7316.959961,7316.959961,2162490000
2019-03-26,7378.22998,7417.259766,7314.379883,7351.149902,7351.149902,2080350000
2019-03-27,7364.470215,7376.990234,7252.060059,7308.189941,7308.189941,2244070000
2019-03-28,7325.060059,7346.040039,7277.689941,7320.470215,7320.470215,1922150000
2019-03-29,7377.77002,7381.689941,7333.169922,7378.77002,7378.77002,2311790000
2019-04-01,7450.810059,7481.839844,7422.439941,7478.419922,7478.419922,2230050000
2019-04-02,7473.509766,7507.049805,7461.509766,7499.640137,7499.640137,2123250000
2019-04-03,7538.169922,7589.689941,7520.399902,7544.970215,7544.970215,2509630000
2019-04-04,7542.160156,7571.129883,7496.299805,7540.569824,7540.569824,2152640000
2019-04-05,7564.27002,7581.899902,7554.910156,7578.839844,7578.839844,2157050000
2019-04-08,7565.060059,7602.080078,7536.419922,7599.740234,7599.740234,2075550000
2019-04-09,7571.879883,7596.75,7555.620117,7568.490234,7568.490234,2078800000
2019-04-10,7581.390137,7613.410156,7573.279785,7611.490234,7611.490234,2012290000
2019-04-11,7621.399902,7621.399902,7580.709961,7594.890137,7594.890137,1969480000
2019-04-12,7624.149902,7630.52002,7596.560059,7628.149902,7628.149902,1968900000
2019-04-15,7630.600098,7636.799805,7578.540039,7629.120117,7629.120117,1827710000
2019-04-16,7651.189941,7670.399902,7631.640137,7654.72998,7654.72998,2102740000
